name	url	family	pattern	lesson
PalQuest / Palestinian Journeys	https://www.palquest.org/	Palestine	Historical encyclopedia with chronology, stories and documents	Connect historical context to named source records; provide Arabic and English entry points.
Palestine Remix	https://remix.aljazeera.net/aje/PalestineRemix/timeline_main.html	Palestine	Long chronology linked to documentary material	Offer an overview and deeper documentary paths without making video mandatory.
MSF Gaza Inside the War	https://www.doctorswithoutborders.ca/gaza-inside-the-war-msf-documents-israels-all-out-war-against-palestinians-in-an-interactive-timeline/	Palestine	Witness-based medical chronology documented by its publisher	Place testimony, medical infrastructure and date coverage together; distinguish field observations from editorial interpretation.
Palestine Online history timeline	https://palestineonline.net/palestine-history-timeline.html	Palestine	Legacy image timeline with clickable markers	Never make an image map or obsolete frame layout the only way to access chronology.
Mapping the Nakba	https://github.com/dmxsan/mapping-the-nakba	Palestine	Publisher source repository documents event selection and map highlighting	Synchronize selected moments with geography, and cite the underlying boundary and event datasets.
Palestine Solidarity at Sea	https://floatsea.org/palestine-solidarity-at-sea	Palestine	Chronological archive of solidarity activity	Keep a focused thematic path connected to the broader historical record.
USHMM Holocaust Timeline Activity	https://www.ushmm.org/teach/holocaust-lesson-plans/holocaust-timeline-activity	Memory	Multiple layers for policy, events and individual profiles	Allow readers to follow individual experiences beside institutional actions without implying that proximity proves causality.
Montreal Holocaust Museum maps and timelines	https://museeholocauste.ca/en/activities/maps-timelines-holocaust/	Memory	Timeline and map learning resources	Connect geography and sequence while preserving a reading alternative.
Anne Frank House timeline	https://www.annefrank.org/en/about-us/news-and-press/news/2019/4/23/anne-frank-house-website-wins-three-prestigious-in/	Memory	Publisher documentation of a personal and historical timeline	Keep a person's life legible in its wider historical setting; treat the documented interface separately from verified current behavior.
Wiener Library / The Holocaust Explained	https://www.theholocaustexplained.org/how-to-use-this-site/	Memory	Timeline-assisted educational navigation	Make orientation instructions visible and short; link learning paths to archival material.
PBS Sugihara	https://www.pbs.org/wgbh/sugihara/timeline/text.html	Memory	Text-only version of an interactive chronology	Preserve equivalent dates, sources and narrative in a durable plain reading view.
Jewish Congregation Archives of Hamburg	https://jewish-hamburg-archive.net/home	Memory	Archive history timeline using quotations	Show how an archive itself was displaced and preserved, with attributed voices and custodial history.
JDC Archives Our Stories	https://archives.jdc.org/our-stories/	Memory	Topic, location, decade and interactive timeline routes	Different entry routes should converge on the same identifiable source records.
R-Shief	https://www.wix.r-shief.org/	Memory	Social-media archive with an institutional history timeline	Separate the history of the collection from the history represented by its contents.
AAPB Freedom Song / Eyes on the Prize	https://blog.americanarchive.org/2021/04/01/freedom-song-eyes-on-the-prize/	Memory	Timeline, map, essays and unedited interviews documented by the archive	Let polished interpretation lead back to original interviews and collection context.
SAHA oral history virtual exhibition	https://www.saha.org.za/oralhistory/about.htm	Memory	Interactive timeline connecting learners' oral histories	Use testimony with consent, attribution and context; provide transcripts for audio.
South African History Online timelines	https://sahistory.org.za/timelines?page=6	Memory	Era and category routes into historical timelines	Expose historical eras and themes as explicit choices instead of a single enormous date control.
National Archives Milestone Documents	https://education.blogs.archives.gov/2022/03/29/milestone-documents/	Documents	Publisher describes a timeline linking primary-source documents	Make the document and its archival identity one step from the historical moment.
National Archives Presidential Timeline	https://www.archives.gov/press/press-releases/2007/nr07-59	Documents	Legacy multimedia archive across presidential libraries	Avoid platform dependencies that can orphan a valuable chronology; keep structured exports and fallback access.
Library of Congress Battle of the Bulge	https://www.loc.gov/collections/world-war-ii-maps-military-situation-maps-from-1944-to-1945/articles-and-essays/the-battle-of-the-bulge/interactive-timeline/	Documents	Daily situation maps with interactive and printable chronology	A visual sequence needs an equivalent printable record and clear document dates.
Library of Congress Songs of America	https://www.loc.gov/collections/songs-of-america/articles-and-essays/timeline/	Documents	Music, cultural context and historical chronology	Parallel thematic contexts can explain a moment without merging distinct kinds of evidence.
Chronicling America map and timeline	https://www.loc.gov/ndnp/data-visualizations/?loclr=eacam	Documents	Time slider, geographic map and collection coverage charts	Label coverage density as digitized material, never as the frequency of historical events.
Smithsonian Institution Archives timeline	https://siarchives.si.edu/history/smithsonian-timeline	Documents	Dated milestones with archival images	Use consistent dates, image credits and source links for every moment.
Smithsonian Human Origins timeline	https://humanorigins.si.edu/evidence/human-evolution-interactive-timeline	Science	Interactive evidence across long spans	Change temporal granularity deliberately and label it; do not imply uniform precision.
Smithsonian Time and Navigation	https://timeandnavigation.si.edu/timeline2	Science	Innovation chronology with object credits	Give every image or object its own provenance rather than borrowing the event citation.
Smithsonian American Experience in the Classroom	https://americanexperience.si.edu/	Art	Artwork-based historical timeline and teaching resources	Let an object or artwork open more than one interpretation and source path.
Smithsonian Oh Freedom!	https://americanart.si.edu/press/fact-sheets/oh-freedom	Art	Publisher documents artwork chronology with biographies and recordings	Relate people, culture and policy through attributed artifacts, not just headline milestones.
Met Heilbrunn Timeline of Art History	https://www.metmuseum.org/toah	Art	Time, geography, essays and collection objects	Connect chronological exploration to essays and object records without overwhelming the first screen.
New Museum Digital Archive chronology	https://archive.newmuseum.org/chronology	Art	Year navigation, record types and linked records	A chronological view should share the archive's record identities and filters.
Georgia O'Keeffe Museum timeline	https://www.okeeffemuseum.org/news/interactive-timeline-offers-new-view-of-okeeffes-career/	Art	Medium filtering and links to detailed collection objects documented by the museum	Filter a dense collection while retaining provenance and richer object information.
Robert McLaughlin Gallery collection timeline	https://rmg.on.ca/permanent-collection-tutorials/	Art	Publisher tutorials for timeline and personal collections	Provide a brief learn-by-doing explanation and support saving source selections.
Gallup New Deal Art Virtual Museum	https://www.gallupnewdealart.org/	Art	Timeline as one of several interpretive exhibit routes	Let visitors choose a route without making one narrative the exhaustive archive.
Illinois State Museum abstraction timeline	https://www.museum.state.il.us/ismdepts/art/Abstract/	Art	Collection-based learning journey with historical timeline	Pair specialist concepts with readable explanations and authentic collection examples.
Exploratorium 40th anniversary	https://annex.exploratorium.edu/40th/	Science	Anniversary archive links an interactive timeline with podcasts	Keep optional media secondary to navigation and maintain legacy content access.
Northampton Museums history timeline	https://timeline.northamptonmuseums.com/	Local history	Objects and stories across a long chronology	Allow curated expansion and public contributions through a review process.
Brick Store Museum Kennebunk history	https://www.brickstoremuseum.org/digitallearningcenter/	Local history	Timeline alongside exhibitions and oral histories	Make chronological browsing one route into a broader collection, with clear return paths.
DC History Center timeline	https://dchistory.org/dc-history-timeline/mlk-library/	Local history	Community and civic milestones	Include local life and social struggles beside formal political milestones.
The Valentine Richmond history	https://thevalentine.org/explore/richmond-stories/interactive-timeline/	Local history	Named eras and events tied to museum objects	Explain eras in ordinary language and show the object or document supporting an event.
LancasterHistory learning tools	https://www.lancasterhistory.org/learn/learning-tools/	Local history	Interactive timeline within a learning-resource collection	Give teachers a coherent route and a source-rich reading alternative.
Memphis Public Libraries bicentennial	https://www.memphislibrary.org/bicentennial/	Local history	Civic chronology drawn from library holdings	Balance hardship, community agency, culture and everyday history.
9/11 Memorial and Museum	https://timeline.911memorial.org/about	Memory	Museum documents a sensitive multimedia timeline	Give specific content notices and visitor control before disturbing media is displayed.
Pentagon Memorial 9/11 chronology	https://www.pentagonmemorial.org/9-11-timeline/	Memory	Several flights and locations in a shared day chronology	Keep simultaneous threads identifiable with labels and redundant visual cues.
9/11 National Memorial Trail	https://www.911trail.org/remember/timeline	Memory	Flight map linked to explicit times and time zone	Show clock precision and time zone when minute-level sequencing matters.
Royal Hampshire Regiment Museum	https://www.royalhampshireregiment.org/about-the-museum/timeline/	Military history	Museum entry point links interactive institutional chronology	Keep chronology beside research access and explain the route to collection records.
National Army Museum India, Empire and the Army	https://www.nam.ac.uk/schools/learning-resources/india-empire-and-army-interactive-timeline	Military history	More than 200 sources across images, documents, objects and personal stories	Use mixed media as supporting evidence and supply teaching context.
National Army Museum First World War	https://ww1.nam.ac.uk/timeline/	Military history	Event chronology with dates and short descriptions	Make titles and summaries readable before asking for interaction.
Reserve Bank of Australia From Bank to Battlefield	https://museum.rba.gov.au/exhibitions/from-bank-to-battlefield/timeline.html	Military history	Timeline linked to letters, profiles and an honor roll	Connect institutional chronology to people and correspondence; plan for script failure.
National Museum of Australia Encounters	https://www.nma.gov.au/learn/encounters-education/timelines	National history	Indigenous cultures and contact chronology	Historical periodization should acknowledge cultural perspectives and unequal evidence coverage.
National Museum of Australia Defining Moments	https://www.nma.gov.au/about/media/media-releases-listing-by-year/2020/pioneering-online-education-initiative	National history	Museum documents an interactive classroom history timeline	Provide a first-time learning path separate from comprehensive browsing.
Scottish Parliament timeline	https://www.parliament.scot/get-involved/education/education-resources/parliament-website-resources/interactive-resources/timeline-of-the-parliament	National history	Interactive years with printable versions	Maintain print and language access alongside interactive navigation.
New Zealand Parliament timeline	https://www3.parliament.nz/en/visit-and-learn/history-and-buildings/interactive-timeline/	National history	Short text and images across 100 dates	Favor consistent concise entries and links to deeper context.
Scotland history portal	https://www.scotland.cn/about-scotland/history-interactive/all-periods	National history	Time-period selection and category filtering	Date controls and topic filters need a single shared result state.
Marine Institute interactive archive	https://marine.ie/site-area/areas-activity/fisheries-ecosystems/interactive-marine-archive/interactive-marine-archive	Documents	Historical fisheries reports with chronology and catch trends	Keep source-document counts and measured real-world quantities separate.
Casino Model Railway Museum Irish rail	https://modelrailwaymuseum.ie/history-of-irish-rail/	Local history	Historical narrative with interactive timeline	Offer prose context before granular exploration.
UCD Decade of Centenaries	https://centenaries.ucd.ie/about/	National history	Scholarly chronology linked to commemorative resources	Show editorial scope and connect moments to fuller scholarship.
Open University History of Ireland	https://www.open.edu/openlearn/history-the-arts/history/world-history/timeline-history-ireland	National history	Embedded educational chronology with device advice	Design a genuine portrait mobile view instead of requiring rotation.
Irish Tape	https://raindigit.ie/stories/irish-tape-immersive-history-experience	National history	Publisher describes sourced chronological moments on desktop and mobile	Use cinematic presentation only when orientation, sources and device usability survive.
Historic England Heritage Schools	https://historicengland.org.uk/education/schools-resources/teaching-activities/using-timelines-to-embed-chronology/	National history	Interactive national chronology plus downloadable and local materials	Connect overview history to local evidence and reusable classroom formats.
Texas Beyond History Ransom Williams	https://www.texasbeyondhistory.net/ransom/ransomkids/kids-7thgradeteachers.html	Memory	Local, state and national event layers around a family's history	Let readers move between the person, place and policy scales.
Civil War on the Western Border	https://www.civilwaronthewesternborder.org/timeline	Military history	Primary sources, scholarship, map and interactive chronology	Make event interpretation traceable to a distributed archival collection.
Ozarks Community and Conflict	https://ozarkscivilwar.org/about	Military history	Digital photo archive and thematic interactive timeline	Keep community experiences visible within large-scale conflict history.
PBS Ken Burns Civil War	https://www.pbs.org/kenburns/the-civil-war/timeline	Military history	Multimedia documentary chronology with readable event text	Do not let a visual date system hide approximate or year-only dates behind January 1 placeholders.
Freedom to Grow Soil of Resistance	https://www.freedomtogrow.org/timeline	Rights and community	Memory-keeping chronology of incarceration and resistance	Center community strategy, care and agency, not only institutional violence.
Berkeley Othering and Belonging 400 Years	https://belonging.berkeley.edu/400years/interactive-timeline	Rights and community	Embedded chronology with an explicit source acknowledgment list	Provide item-level citations in addition to project-wide bibliography.
University of Michigan Spectrum Center	https://spectrumcenter.umich.edu/timeline	Rights and community	Local and national LGBTQIA2S+ chronology with media and historical terms	Preserve historically specific language with context and link campus history to broader developments.
NYC LGBT Community Center National History Archive	https://gaycenter.org/archives/	Rights and community	Community archive with timeline and research access	Show how to consult original holdings after discovering a story online.
Black Brandeis Black History	https://blackspaceportal.library.brandeis.edu/2019/02/07/brandeis-blk-archive-collective-project-history-2016-2018/	Rights and community	Archive collective documents its history timeline	Show who shaped a collection and whose histories it aims to recover.
Pacific Lutheran University Archives	https://www.plu.edu/archives/digital-exhibits-and-resources/	University archives	Institutional, Black and queer history timeline routes	Offer distinct community lenses over shared archival resources without flattening them into one narrative.
Towson University Archives	https://libraries.towson.edu/index.php/university-archives/university-history	University archives	Interactive university chronology	Keep the chronology connected to its archive and research service.
Aston University Archives history	https://www.aston.ac.uk/about/history/	University archives	Interactive timeline and audio history created from university records	Offer audio as an optional parallel route and expose archival origins.
University of Utah ARPANET Project	https://lib.utah.edu/digital-scholarship/arpanet/timeline.php	University archives	Focused interactive chronology with source context	Declare a bounded date range and explain which sources shaped the selection.
Emporia State Special Collections	https://www.emporia.edu/libraries-archives/special-collections-archives/exhibits-and-programs/timelines/	University archives	Growing set of historical timelines	Name authorship, maintenance responsibility and links to further archival research.
University of Nebraska history	https://news.unl.edu/article/timeline-curates-nebraska-us-historic-moments	University archives	Publisher documents events, people, organizations and discoveries	Avoid assuming every timeline entry must be an event; type the underlying entity.
University of Illinois Mapping History	https://www.library.illinois.edu/mappinghistory/about-the-project/	University archives	Multilayer history by eras, themes and archival maps	Keep spatial evidence optional and distinguish existing features from planned enhancements.
Texas Woman's University Archives	https://twu.edu/library/womans-collection/collections/university-archives/university-history/	University archives	Embedded timeline with full-screen alternative	Embedded views need an escape to a usable standalone experience.
Harvard Asia Center Memories and Milestones	https://asiacenter.harvard.edu/memories-and-milestones-asia-and-asians-harvard	University archives	Exhibit chronology invites overlooked memories and contributions	A living record needs reviewed contributions and a correction path.
Gallaudet history and traditions	https://gallaudet.edu/about/history-traditions/	University archives	Chronology routes linked to archives and Deaf history collections	Support language, modality and community-specific access needs from the beginning.
Robert Gordon's College archive timeline	https://www.rgc.aberdeen.sch.uk/archivesarticles/~board/all-news/post/rgctimeline	University archives	Archivist-built chronology with paintings, photographs and videos	Credit the curatorial author and retain individual media context.
University of Leeds IIIF exhibition timeline	https://leedsunilibrary.wordpress.com/2025/12/01/creating-digital-exhibition-timelines-using-iiif/	University archives	Library documents TimelineJS entries embedding IIIF exhibitions	Separate media presentation from durable manifests, rights and collection identifiers.
University of Toronto discovery of insulin	https://collections.library.utoronto.ca/explore/insulin/about/timeline	University archives	Original notebooks, correspondence and archival objects with a chronological summary	Make summary-to-original-document navigation explicit and preserve document-level provenance.
University of Toledo Medicine on the Maumee	https://www.utoledo.edu/library/virtualexhibitions/medx/	University archives	Virtual exhibit with timeline, videos and research links	Provide several reading depths and preserve permissions and attribution.
Sindecuse Museum Women Dentists	https://www.sindecusemuseum.org/women-dentists	Rights and community	History timeline with individual professional profiles	Pair structural change with named people and lives.
James Madison University women's rights	https://www.jmu.edu/news/2021/08/23-storytelling-through-clothing.shtml	Rights and community	Publisher describes timeline, photographs and yearbook material	Use ordinary artifacts as meaningful evidence of institutional and social change.
Evanston Women and the 19th	https://evanstonwomen.org/2016/05/05/evanston-women-and-the-19th-updates/	Rights and community	Biographical chronology and digitized documents	Let a person's path open documentary records and the wider movement.
National Women's History Museum online exhibits	https://www.womenshistory.org/exhibitions/online-exhibits	Rights and community	Multiple historical timeline and exhibit routes	Name each route's scope, and link chronology to biographies and teaching resources.
Carnegie Hall African American Music timeline	https://timeline.carnegiehall.org/about	Music	Scholarly music chronology with archival media	Connect thematic strands with editorial credits and optional audio.
National Arts Centre NACmusicbox	https://nac-cna.ca/en/media/newsrelease/3641	Music	Publisher documents recordings within a music-history timeline	Give audio explicit controls, contextual dates and a readable equivalent.
Oxford Grove Music history	https://blog.oup.com/2015/05/history-of-grove-music-timeline/	Music	Publishing-history chronology	Distinguish dates of editions and publications from dates of the subjects described.
Fortepan US	https://fortepan.us/ia/	Photo archive	Timeline/grid switching, date range, photo identifiers and downloads	Preserve the same selection when changing views, and keep identifiers visible.
David Rumsey Map Collection	https://www.davidrumsey.com/view.html	Map archive	MapRank time and place filters plus collection browsing	Provide exact date inputs alongside a range control and connect geographic selection to dated sources.
George Mason Immigrants and America 250	https://iir.gmu.edu/articles/23551	Rights and community	Population data, policy and notable people in an interactive chronology	Keep measured datasets, legislation and biographical material in distinct labeled layers.
Pier 21 immigration and Indigenous history	https://cihs-shic.ca/immigration-and-impact-interactive-timeline/	Rights and community	Partner documents an integrated migration chronology	Periodization must include Indigenous histories and explain different perspectives.
KQED immigration history	https://www.kqed.org/lowdown/7383/u-s-immigration-policy-timeline-a-long-history-of-dealing-with-newcomers	Rights and community	Editorial interactive policy chronology	Explain the consequences of policy changes and show links to original sources.
Brown Choices immigration policy	https://www.choices.edu/teaching-news-lesson/immigration-timeline/	Rights and community	Educational chronology with media and learning objectives	Disclose selective coverage and avoid treating omitted people as historically unimportant.
Brown Choices Black activism	https://www.choices.edu/teaching-news-lesson/an-interactive-timeline-black-activism-and-the-long-fight-for-racial-justice/	Rights and community	Multimedia movements and individuals over time	Support a guided overview that still permits independent exploration.
HeinOnline American Worker	https://heinonline.com/content/labor-and-employment-the-american-worker/	Documents	Legal collection with labor-organizing chronology	Keep legal interpretation linked to full-text cases and explain access restrictions.
Commonwealth Institute labor in Virginia	https://thecommonwealthinstitute.org/tci_research/history-of-labor-in-virginia-an-interactive-timeline-and-map/	Rights and community	Thematic history timeline and map	Show the social and geographic setting of policy while keeping map controls optional.
Recollection Civil Rights Legal Archive	https://www2.archivists.org/recipients/2025/archival-innovator-award-recollection-civil-rights-legal-archive	Documents	Archivists' association documents timeline, essays and biographies	A chronology should open both legal source material and biographical context.
Ludwig Leichhardt letters / Environment and Society	https://www.environmentandsociety.org/exhibitions/ludwig-leichhardt/introduction	Documents	Letters and life events in a chronology with links to full documents	Keep letter-writing date, narrated event date and publication date separate.
Australian National Maritime Museum Cape Keerweer	https://www.sea.museum/en/1606-contact-at-cape-keerweer	Map archive	Time-enabled map of changing trade routes	Temporal map state needs a legend and equivalent textual explanation of changes.
